HID40,SER192,HOH224,GLN174,TRP193,CYX173,ALA198,ASP176,ALA38,ALA39,SER195,SER172,ASP84,GLY175,GLY194,LEU81,GLY178,SER177,PRO203,VAL191,TYR42,ASP171,CYX197,GLY196,TYR206
6,0.377634794325930,0.094148095492629,0.0529427975671787,0.0401352299699767,0.0467868218178831,0.0576182315844715,0.0268954411405981,0.0430542180908195,0.0796887802695358,0.0900465856318848,0.0235106572642852,0.0274532799867711,0.0422768879384767,0.00584154580420925,-0.00270878954559593,0.0227015028596201,0.0236085451041415,0.00802726265725781,0.0180127824936762,0.0140936062411114,0.0657718864565681,0.0262025116201282,-0.0121562892931161,-0.0145288662158829,-0.0136926434905353
61,0.149192127158935,0.134241200449598,0.125633346573693,0.0420117724367449,0.0560858841846479,0.0200762205111421,0.0257329021513033,0.000841832911347846,0.0501610940558963,0.0601077417031934,0.0240131500880008,0.0108347268651485,0.0540025150989376,0.00612914310557427,-0.0132151364394728,0.0402142187695086,0.0142417510616055,0.0135783181374315,0.0194601637046791,-0.0067464357899463,0.0255664421587077,0.0117502207250488,-0.0131971038645112,-0.0144697546482216,0.00414837868477724
11,0.124520933766680,0.135127662497665,0.0622706662944786,0.0427282169328161,0.0580125795783406,0.0886076470336674,0.096346926210326,0.053986601797826,0.0361141745110651,0.0454658198064692,0.00971017166958322,0.0560605320839007,0.033582058078116,0.00962729862632956,0.00200958638153714,0.0231230086224495,0.00249724433902485,0.0069951787459047,0.0397077966524668,0.009070036979221,0.0260700417994149,0.0336802046252619,0.0061631889690559,-0.0128902513226373,-0.0163126912782540
58,0.153344644594134,0.108295564087785,0.106126725231774,0.0466675215826811,0.0603021340802508,0.00312882975057174,0.0216850334511063,-0.00182324803102435,0.0505726789955377,0.0696704068956947,0.0055415871628607,0.0126098202868252,0.0555930027701832,0.00687509725534285,-0.0268138722767784,0.0390209075619335,0.0118841389483688,0.0144673696575827,0.0227272614758789,-0.00186340805548192,0.0305526973450610,0.0134682120125890,-0.0210121272842488,-0.0131613696186902,-0.00201686107944991
37,0.151215829899970,0.114199715898358,0.0944826246018102,0.0408568489379414,0.0462755419181914,0.0187953905608296,0.0134110656783746,0.00408370866224573,0.0504459108379355,0.0620746447736146,0.0249177556683501,0.00746905407944506,0.053411305311124,0.00598223500010793,-0.0146697371627998,0.0397702283039385,0.0134391140743185,0.0135405371179138,0.0143009721710142,-0.00279050910164191,0.0268352093999081,0.0114973229390316,-0.0131887955334692,-0.016460415693693,0.00107036532011599
9,0.122812539232590,0.118703682177903,0.0906276707873398,0.0501295009224988,0.0447505130750823,0.0836495429549635,0.0767988752840221,0.0294679970963169,0.0373232096857392,0.0397129097567543,0.0307042597229265,0.0295574789163415,0.0391647370909827,0.0100957717659561,0.0221480015946378,0.0269434692918528,0.0172665737941872,0.00406836075769569,0.0229211535405590,0.00713118998721309,0.0119987820695251,0.00685623618867946,0.0147089730925438,0.00374026079801253,0.0103032999168887
1,0.248754910520181,0.106852035471202,0.0112965669009304,0.0544739978749719,0.0842860995458768,-0.0153303765941096,-0.0116286547934472,0.0102154423409741,0.0763737736328968,0.0908438924275807,-0.0343481061668341,0.0126252269954650,0.0666854833197776,0.0071412981346718,-0.00207841109844139,0.0555545394037544,0.0237794050581823,0.00725406946814511,0.00196905146597721,0.0195223186253690,0.0387468198959792,0.00204920910588269,-0.0234911356937468,0.00420067226521014,-0.00391967339829782
77,0.38,0.152790528737006,0.153613972439570,0.0612637486587866,0.0654243496160726,0.0476772218554122,0.023736158015791,0.0262366964786575,-0.00240615832194238,-0.0109432951368221,0.000867975621147555,0.018717228619982,0.00756685673698706,0.016821313557935,0.008598994266098,0.0200849002930152,-0.0043445607105253,0.00448048236055584,0.00658215181498073,0.00169025362837357,-0.0128268924739263,0.011291511888686,-0.00387090665606313,-0.00431062917709183,0.00163285639234337
84,0.290013141746049,-0.0623502781648883,-0.102480381188182,0.029312008696821,-0.00299585469813068,0.0505865932444161,0.0382446657426584,0.0325440391361507,0.0722121418559914,0.119893875981062,0.0362884967870684,0.0408054740619081,0.0227279309736551,0.00702785886698512,0.0109655197216291,0.00422679219281619,0.0175770490372803,0.0145787619323839,0.0301925244764235,0.0379725936488152,0.121040436399494,0.0283264705839086,-0.0103354984786754,-0.00773232353339201,-0.0300355616205732
13,0.0601457393808054,0.186195962882565,0.120009960034794,0.0433541594097124,0.0550308098325091,0.079748447868612,0.0463645894734501,0.0587372929243388,0.0262083541682597,0.0254657560447927,-0.00148812535458534,0.042353333676547,0.0315613566822946,0.0113067461557712,0.00219464596128620,0.0236170426956073,0.00133729953598817,0.00223819795895593,0.0235940777808154,0.00543464706847228,0.00547687677220648,0.0334728674011905,-0.0119984734290822,-0.0149061228321824,-0.0149117815026166
86,0.118277564021447,0.0760038731361366,0.0718463315685152,0.0496029901963603,0.0559735368677896,0.00806783563544014,0.0245249101928565,0.00145667439066896,0.0321033613072553,0.0431124625593803,0.000324095095782056,0.0151508273651536,0.0339404722795851,0.0105757587288462,-0.0182182153330617,0.0231084972156114,0.00519969767304793,0.0139909425215481,0.0214325385557048,0.00535082944540766,0.0181250452472308,0.0158785833892785,-0.0169390355799112,-0.0108611402903119,-0.00694891272727281
34,0.116051893606623,0.097421395937486,0.0372002951392632,0.0524265886912939,0.0445108609877655,0.0479408726456139,0.0203817221059898,0.0203440582234019,0.0293337610202702,0.0348723003567213,0.0318850912698814,0.00879941629841932,0.0296792627581297,0.0122487702966004,-0.00551643358612369,0.0201850091826943,0.00377424773630434,0.0108905123332170,0.00585641379628256,-0.00323023494262217,0.0121826171780895,0.0111112336609832,0.00563865567375364,-0.00451592830902956,-0.00580032173771888
10,0.115081705112480,-0.089758840046431,0.0250119632427597,-0.0849747882393368,-0.0101903463211692,0.0799517106345832,0.0895625388576486,0.0905592706414164,0.0712619741374149,0.0614052208003361,0.0304097966485292,0.054583549481137,0.06685740444979,-0.0635906913470058,0.0433756948078227,0.0605070251582443,0.0386829765471226,-0.0374117935138189,0.0241753100673724,0.0216213463578083,0.0176650248652337,0.0224990733925643,-0.00157762686020374,0.00643133951281241,0.0101289880704531
22,0.104044543450464,0.0679928237033653,-0.0539417926881152,0.0439835389181936,0.0412804913491212,0.063953425252959,0.0596519989106958,0.0456604515062216,0.0310071119253652,0.0336352577558303,0.00924584520165996,0.0460400280645042,0.0200816514863213,0.0103300055994592,-0.00319787793910290,0.0132121598869529,0.000850981059062462,0.00963682231621527,0.0325893624992822,0.0252476905336288,0.0219870883513601,0.0314496126575157,-0.000757447848633293,-0.0114860858916768,-0.0297838799012249
49,0.0442840324446474,0.112099487113063,0.103551160812737,-0.141220217610928,0.046467249813032,0.0668721804255844,0.0737162063042673,0.0340728381049761,0.0251211489730819,0.00595811912500263,0.0243491081757934,0.0363368237730333,0.0238036201732688,-0.00177767401432863,0.0203178604176583,0.0225614940322887,0.0248242269161530,0.00502430266899365,0.0333262780997012,0.0281100802899952,0.00495951409963479,0.0125102739706546,-0.00837348039050255,-0.00358279527610665,0.0064719467049248
75,0.126433782241638,0.0280255687626212,-0.0382843995741821,0.0378032772668176,0.0289278815774115,0.0619858515426166,0.0707931976120708,0.0437316396857589,0.0369874694716735,0.0456358657992514,-0.0155726819032676,0.0573826520764249,0.0141177492459070,0.00872227874830407,0.0147801424472781,-0.0158548891366945,0.0134393116680905,0.00553007261746504,0.0275827317653974,0.0273237366084237,0.024013381743122,0.0276305580174899,-0.00899091046398455,-0.00661713214497127,-0.0198250803698272
19,0.00273290396150919,0.161250676994544,0.144965795863090,0.0545679309743889,0.0613073336148922,0.0542536564701495,0.0251023747077144,0.0366746056502771,0.00694249483916135,0.00615771134152007,-0.00185556154401661,0.0246187568384141,0.0199419963795584,0.0154295813269490,-0.000946950009698612,0.0193225231404348,-0.00624360129771839,0.00530326073554702,0.0126559502214471,-0.00172630118044772,-0.00715580823031438,0.0229565920526795,-0.0107325152110252,-0.0105482365283266,-0.00737981365432257
14,-0.0282946435155751,0.0515781648103456,0.0482737182066566,-0.0153839327579788,0.0154402240737237,0.13963988959533,0.131363534303241,0.0583201346103673,-0.00025083319108406,0.00130187333723247,-0.00865333404280883,0.0598716766799761,0.0206029157345328,0.00460623783924119,-0.00271225855356993,0.0372177905488439,0.00303328976140751,0.00867584687391994,0.0362231887144216,0.0113738226514943,-0.00504424909113027,0.0563501335295482,0.0502754163865071,-0.0455476940997420,-0.00165763416109667
50,0.095898307772436,0.0936630098575335,0.0991959678819017,0.0561122437536242,0.0440615252224281,0.0288476752729505,0.0115425063973963,0.00629045638561069,0.0179203978878455,0.0182405948998315,0.0265802151260271,0.00582247151179225,0.0189888140104221,0.0150011919731288,-0.00349408651350016,0.0146842130821029,0.000943125732424746,0.0113681163965206,0.00890814588021806,-0.00563332015741012,0.00374931985172536,0.0147081160346694,-0.00891078425788043,-0.0059759108288258,-0.00348982958989285
32,0.0295643921300641,0.0876816807432211,0.084964932296379,-0.115707255891409,0.0517501345663078,0.0700811620122681,0.115225424483404,0.0260812568318011,0.0141898011299345,-0.0043340193042199,0.0192428958363222,0.0509619200512691,0.0111458117144166,0.00532177798625706,0.0137702703846608,0.0137402055175835,0.0172366006947641,0.009112466229153,0.0554767436121261,0.0308528003041913,-0.00255666519969189,0.0151218015157401,-0.00613772179938332,0.000160481183964959,-0.00434336740200498
43,0.0411551172718059,0.109169937750593,0.196253096032651,-0.0593941645814375,0.0894082949909891,0.00749097962949013,0.084945543546893,-0.0567247570795946,0.0110050725000405,-0.00734741264454765,0.0703682884809562,-0.0157195664771240,0.0060220592484759,0.0156215904340294,-0.00384996828848998,0.00374466953193268,0.00760231414190684,0.0221285122952223,0.0354007264692038,-0.0560395345519518,-0.00442099231487951,-0.0300004359595706,0.0329698859029975,-0.0245406020036976,0.0237058731350652
3,0.0371433490147394,0.104841768785379,0.174373905010219,0.0672717936172239,-0.0851485380203926,0.0225943187536247,0.0580202565663803,-0.0122141499087477,0.00431901511811538,0.00150086737675513,0.0112279395635399,0.0102408174131237,0.0152710007936685,0.0183609451630264,0.0266779473676553,0.0375259600897007,0.000786381393796832,0.00960223994512844,0.0180464653202032,-0.0077883474216161,-0.00775221086592513,-0.000100612314674927,-0.00219467794243698,0.0042544829830224,0.0155159683520162
40,0.0153032114629595,0.0772719479125194,0.0824823829003498,-0.0327811793619139,0.0461255776392472,0.0387540590082693,0.0231822576277316,0.0680188338204606,0.0306021778237278,-0.00438167381164783,0.0176122127776228,0.0230786703158803,0.0117387612184888,-0.0340615365822729,0.00444682513538674,0.0167224499954597,0.04191537542725,-0.0478990368918733,-7.10259912737433e-05,0.0265416022699908,-0.00577424956113507,0.0219248648218500,0.0082663382976105,0.0163954748216058,0.0068468537259625
48,0.240450927955485,0.0890232805110175,0.0378672507665082,0.0656124914754873,0.0561184995572619,0.0435297159384931,-0.00197552244234609,0.0356134033627356,-0.0252853760190276,-0.0352563930780891,-0.0102844132208534,0.0103717891380934,-0.0136719963438131,0.0189255937056156,0.00338873263281453,0.00578576445144655,-0.0124166747417878,0.0033452852696047,-0.00605123193940487,0.0207407431564605,-0.0220404804864035,0.00803107119898321,0.00385560665062476,-0.000521490749706664,-0.00752631407637965
17,-0.0229706673095638,0.059878381804004,0.0440516540239148,0.0371255074409636,0.0173246226152991,0.0493606439081063,0.0466539312940681,0.0118380190093655,-0.00618912391779556,-0.00502776922725564,0.0324835669293449,0.0212820981705098,0.00862216863820748,0.0137651644413845,0.0239491128386494,0.0338402038164209,-0.00392900105774353,0.0098786018709147,0.0114350527175294,0.0106083224998855,-0.00799944646298324,0.0196083054203992,0.0143323206962696,-0.0218422337772324,0.00258540226981692
55,-0.00546034192015349,0.0420515104275640,-0.0108608916921314,0.0252212310958949,0.0391280041941072,0.0566619832217687,0.0413039586757839,0.0349655652716742,0.000816060807715223,-0.0138686124377866,0.0222353114594708,0.0253464881125885,0.00111307887685974,0.00872908178226064,0.00260248899386196,0.00590806003820024,0.00674124816353584,0.00690766995732819,0.0159172799629628,0.0265911868469407,-0.00750725236415327,0.0211712092118047,0.00433594598769102,-0.00191225960499212,-0.0121401090530651
4,0.0562910397176225,0.0663552770256898,0.0278395332735296,0.0633856796186991,0.0431632760714790,0.0376513049479196,0.00871168728479544,0.0176883501314148,-0.00527637655332436,-0.0108917297731458,0.0144424076743403,0.00427582563355045,0.00230414757714564,0.0180428603004335,-0.00608267178430209,0.00500623244312545,-0.00729471927099558,0.0101691655686059,0.00082631255078004,0.00351425897030772,-0.0112388639898553,0.0097676264728915,0.00445796170001846,-0.000331309707257447,-0.0084448972668402
18,0.0285743828908775,-0.153725996979836,-0.120274298166971,0.0110885367334527,-0.0434039314643606,0.0755407350444182,0.0697826416701497,0.040362409408851,0.0193315948359491,0.0325617869705971,0.0228159203168062,0.0599547127179197,0.0400062571730235,0.0126970125248197,0.032824262512199,0.0448084568657057,-0.00419713485380382,0.0156307597950523,0.036272621326219,0.0474010994153137,0.00338871974534537,0.0345382636217510,0.00188956843957783,0.000617424133501906,-0.0317960680738627
81,0.000599205672072526,0.0386013744177547,-0.0117439826187121,-0.0978782860556737,0.0307265324002984,0.0624506366635965,0.0633337405259021,0.0368078453188729,0.00222488325469906,-0.0122627298718979,0.0225908957625298,0.0513020605292081,-0.00110713317332200,0.00499399444115457,-0.00102737400043225,0.00336292879301706,0.0074138637798591,0.0110773257811008,0.0389587182881384,0.036463234943203,-0.00402530272617589,0.029310050784114,-0.0121428861725654,-0.00828150507038734,-0.0249893854461241
83,0.0204569141834434,0.0623629018555648,0.00377802536928959,-0.171072885645915,0.0328490533901306,0.0353204350383339,0.023420001301148,0.0329358708368243,0.0162960023974791,0.00245303434431106,0.0140226414760633,0.0191365786595901,0.0136654121061061,-0.00617666751660724,0.00348515732551181,0.0169244680673716,0.0164228738300790,0.00883530470947925,0.018282087164493,0.0358997924954221,0.00598558102759364,0.0201766331862756,-0.0172793651932079,-0.0174685448964101,-0.00824706832612955
42,0.0178991620053608,0.0604639156680717,0.0159709322352054,-0.210631962333353,0.0321023348878446,0.0387532567055495,0.0355568698527023,0.0332299507596583,0.0167190908196836,0.00259061528409612,0.0172123743536316,0.0218173069896495,0.0133309656797125,-0.00720501253042932,0.00424528356771363,0.0164760928914203,0.0169659150290536,0.00901492051885434,0.0234721089867768,0.0348793027760138,0.00655204669545292,0.022407839451471,-0.0148337958832311,-0.0165494590291505,-0.00828517516603402
54,0.100823807483228,0.0548771714533709,0.0500570224279167,-0.171346375303868,0.0667845365881137,-0.113786657803724,-0.0502627294089366,-0.0351530667246178,0.0458172762436301,0.0333556757092594,-0.0285831263968239,-0.0410587163506751,0.0291211495727790,-0.0137799845118397,-0.0457527181456522,0.00296116683481252,0.0343955939524756,0.00419025377164746,-0.0220791998171365,0.00394068866116192,0.027196259862595,-0.0269937475374203,-0.0127484015153549,-0.0192632399641092,0.0337262394033486
33,0.146901179327317,-0.0202410977215973,0.0338498683033403,0.0415067961837441,0.0681073937878655,-0.172483874055573,-0.0645666326458892,-0.0703871828409999,0.0347652934551485,0.0480074587864227,-0.0308121873358193,-0.0500296735224534,0.0213468383723781,0.00756748545079042,-0.0803304408368463,-0.0111747194421092,0.00958297090098117,0.0132277849177704,-0.0176073057920857,-0.0211951053791834,0.0275936873985708,-0.0314804363449776,-0.0330701993899372,0.0143482080884415,0.021208914681541
39,0.0625523552054365,0.0106218285387581,0.0543844482627772,-0.0651429547525011,0.0680317853358775,-0.0918953563466515,0.00237494052316230,-0.0349624987003382,0.0275618656420779,0.0156934284431175,-0.0295712743855105,-0.0110320850895246,0.0128067395946962,-0.00168375678671849,-0.0513610332870612,-0.0124588473825504,0.020641327775437,0.00883526048497664,0.00359289457312761,-0.0117039628276979,0.0144086267820889,-0.0159228959467372,-0.0147965092309635,-0.0121629807089294,0.0188125463639054
73,0.0400705693986382,-0.139346531662822,-0.0577143346159457,0.0500494732996502,0.0348235314797815,-0.00620098943384022,-0.0209149685134970,-0.0110656917116438,0.0199707449222110,0.0310851613545043,0.0640813952673439,-0.0049091414588859,-0.00117098567341317,0.0125651681683078,0.00638735428206485,-0.00207564219298249,0.00307163006132296,0.0193454990811480,-0.00281927074767244,0.0234013998857182,0.0251342444226753,-0.00451452509835915,-0.00940020029565098,0.00142270728029166,-0.00204121860322550
57,0.0723409959880285,0.0199162719162418,0.0598004383629294,-0.201476704329453,0.0753689077638883,-0.0991932866140602,-0.0146408564063904,-0.0426621700632416,0.0378911491194894,0.0283759912799293,-0.0279990222676688,-0.0262425895436489,0.0251337545388894,-0.0117576681075888,-0.0530648341955343,-0.00386207061275755,0.0229886715330972,0.0162877018293191,0.00310467771301658,-0.0206703145321365,0.0244260491172711,-0.0224565972944586,-0.0200793571273516,-0.0269923081345109,0.0209774115663493
24,-0.029263476205069,0.0573201059922675,0.0932619918165422,0.0674785770898113,0.0400757484946101,0.0205416176441508,0.00980464505240443,-0.000913071182207622,-0.0210669243964518,-0.0304474433204922,0.0170752368258289,0.00258603959594153,-0.0102291270390032,0.0211209273263603,0.003367011531772,-0.000813574866769882,-0.00962993373708223,0.0101466930079846,0.0059221560317617,0.00525256860447865,-0.0202298635645995,0.0064208630855187,-0.0051311674471575,0.00250652941606778,-0.00189729525642108
7,-0.049486679837874,0.00112707539005076,0.00920743001990806,0.032839174592382,-0.128170475284334,0.0932322929070454,0.068656620769467,0.0434693062309015,-0.0302268812865482,-0.0285297962610525,0.127051701469258,0.0397872347242633,-0.0308388142110287,0.0130876178436564,-0.0163577068928785,-0.0513581155077047,-0.0143335578698582,0.00955395361569931,0.0133066133714287,0.0139550296434024,-0.0147459727389347,0.0252240494199466,0.0244978524311079,-0.0151335636808962,-0.00770308383427909
76,0.0771133101129258,-0.0882021589406,-0.147157327109868,-0.00604288812744972,-0.0182843386093366,0.0650030108619219,0.0993442771310588,0.0164438182855154,-0.0126185054742531,-0.0132269728792231,0.0373056725271908,0.0623486228386479,-0.016009593036674,0.0142812350261444,0.0178281170550363,-0.00413719283537035,-0.00506003377806151,0.0176744115439265,0.0492780683804983,0.0283084563023477,-0.00524367238469989,0.0220921214661071,0.0106529043478212,0.00433646794224909,-0.0267717372243986
15,0.055627563802939,0.0749934541678518,0.141707283161945,0.0677016009805547,-0.0808260030468295,0.0405721214376445,0.0224311203801695,0.00686690885833489,-0.0113760502132253,-0.0177177107936053,0.0228400144778849,0.00757573007064976,-0.0123738539004792,0.0210583455502542,0.0198020137684287,-0.0224875945532095,-0.00760116001296012,0.00910639456877377,0.00344037099306073,-0.00659616781249159,-0.0143378639820391,0.00915172894454125,-0.00708655349258337,0.00756652690300843,0.00204632390310719
21,-0.0923256385347515,0.0893372618792664,0.06045839646871,0.0661627879852634,0.056778826722754,0.0357804306123791,-0.00465729372407039,0.0266217866063778,-0.0190354416126339,-0.0325509366820303,-0.00259030115313335,0.00240996185739304,-0.00593261140253407,0.01885728374456,0.00791756488293963,0.00400899388694238,-0.00808640608245123,0.00162088591105429,-0.0100311365703875,0.0155911797899730,-0.0218356461418858,0.00891676804666969,0.00790237041207925,0.00247464685014873,0.00027663540324316
35,0.192716674903484,0.0343045467017564,-0.00226827503653388,0.0865572319712963,0.0209696910960958,-0.104268470228876,-0.064005642367953,-0.0372098554519332,0.0381762416621457,0.0443455580306691,-0.0786836631238709,-0.0534541954862149,0.0221862954171942,0.0162296871499992,-0.0600519424212603,-0.0190230288025383,0.0110602377690703,0.0107695118342482,-0.0184495144621647,-0.00881719148561819,0.0208579026403731,-0.0194291262134846,-0.0361454037957093,0.0365470026517086,0.00883288559434207
23,0.145639132685456,0.0427311481888001,0.0833852768563908,0.0927336389930412,0.0178757354760816,-0.0663999151754896,0.00012510899302168,-0.0359704001365622,0.0143439727838333,0.00583591186601205,-0.0617810728491697,-0.0292967866521649,0.00864508080922395,0.0215784933018296,-0.0591919099383503,-0.0203601274093886,0.008070642762428,0.00869286995198688,0.000813243063986808,0.000970515483461328,-0.0041661907029018,-0.0169631917739744,-0.0187842919180488,0.0382996317254202,0.0171008231836202
12,0.000166461184616483,0.0783539574565575,-0.0494856858022531,0.0145809707550009,-0.0349214987219535,0.0582516955177026,0.0186452067502826,0.0282280520789524,-0.00722826677157983,-0.0186896208110884,0.0223339068721647,0.0258136507737354,-0.00507513857427217,0.0137869436355520,0.00407725858933918,0.00421203380107669,-0.00197576326029628,0.00127927553629287,0.0149709258786426,0.00675082410497979,-0.0131693927774540,0.0180051583270419,-0.00480949934953528,0.00766182031743926,-0.0185847545467053
5,-0.0335780446097629,-0.160173585619053,-0.0832359599052735,0.0460636030338821,0.0324898702233040,-0.0126675069760084,-0.0172699882923674,-0.0315864469819615,0.0192051189886171,0.0429675106491481,0.0687645665891515,-0.0240401731822978,0.0162673875926708,0.0117039421610847,0.00883305988746736,0.0337423336355276,-0.0028002556806068,0.0231309204665292,-0.0184043033824139,-0.00132928858531248,0.0224928646182281,-0.00898054527075433,0.0253833451048633,-0.0234649162592258,0.012158496940234
8,0.0250662193672812,0.00357706603508837,-0.0351394852064215,0.0639617243675732,0.0352434043934566,0.0232479614445927,0.0181126647109574,0.0103436465480942,-0.0117664751097861,-0.0165083553645391,-0.00943835042685198,0.0265712879283012,-0.0145785951737325,0.0187591674614317,0.0059389578486586,-0.0299823248480175,-0.00636484547351732,0.0112538828351207,0.00916123082602628,0.0197921938672920,-0.0112474078810595,0.0108065069575766,-0.0107039689523196,0.00296474818572581,-0.0173648566557267
27,0.0205416577383529,0.0309598079708140,0.118922044682410,-0.0979538710502731,0.0431920245946636,-0.0193462794288286,-0.122279326007756,0.0508746731580786,0.0557321576615873,0.0238591084500457,0.0167516465032360,-0.0580542852951849,0.0274508922265569,-0.0894413688090756,0.0177457368035145,0.0277303550889538,0.0608929511493214,-0.113467104038900,-0.0543841341420384,0.0188085420177752,0.0100582439836644,-0.0330291921316794,-0.00745107785857841,0.00416536681505771,0.0277915963528211
53,0.136984187148332,-0.182416587847558,0.0432672833415440,-0.213639208719616,-0.0543083514556253,0.0204153454442757,0.0536443913340073,0.111233358122415,0.140267895135272,0.105498039800809,0.0274379683276518,-0.00795338200693777,0.0577058632944835,-0.345562897963534,0.0144023763926996,0.0569255520152283,0.114818830209909,-0.223592070647791,0.0291573895444839,0.0207827866224734,0.107334139555581,0.0407775706523595,-0.00455123345720542,-0.0254235456196724,0.000902854661607066
65,0.0418145793480034,0.023895414139479,-0.0193892205810566,-0.0306892698321157,0.0674430411609292,-0.0979613767368282,-0.0522549094017287,-0.0263851664556152,0.0199454045006907,0.00902813290909949,-0.0525318872502364,-0.0275912082074040,0.00767871476024435,0.00110064100564058,-0.0386845610197604,-0.0164682819812232,0.0173093044426924,0.00496915382533648,-0.0194031154269176,0.00667310360522911,0.00877120773995158,-0.0146726344026012,-0.0161807971035704,-0.00661429152607414,0.0135173363200662
44,-0.0110505792636713,-0.0178126902394330,-0.1744146979921,0.0297115120139324,0.0280854359803181,0.101211938118778,0.0537460533551221,0.0592398629681252,-0.0224245936185265,-0.0255917762889247,0.0313135117036052,0.048843758374439,-0.0267599927245225,0.0142044494449979,0.0027648484703195,-0.0429848220317008,-0.00928149316607784,0.00814387198152131,0.0120586511983931,0.0332464015449015,-0.0138937919405688,0.0281532994162322,0.0268984691731331,-0.0289837345857437,-0.0280877996542055
25,0.0858111393021527,-0.000149785600953758,-0.0157911657033964,0.00460966414987553,0.0431587573737935,-0.106119393796547,-0.0383521313657986,-0.0365283494227804,0.0114877273319361,0.00887086846123952,-0.0305454749205333,-0.02759432818799,0.00292709634715532,0.00960829422537471,-0.0602846888188869,-0.0265720894976307,0.00749723056599011,0.0074552865023854,-0.0122664670444046,0.00855010742356602,0.00401266756390859,-0.0158678503432864,-0.0200610182727583,0.00233222334302696,0.0105703374393511
26,0.0991024394577433,0.0456526567161713,0.106224895745048,0.086945547960229,0.00460813843164008,-0.10137617007791,-0.0856966960385278,-0.0404929305554732,0.0113340847470898,0.00851693048607538,-0.0584647580492092,-0.0512106647572592,0.0120404310246072,0.0187493279595838,-0.0372533878238794,0.00199006152788316,0.00239147119545654,0.00970121738114437,-0.0274001968302457,-0.00361079466677964,-0.00168477074861836,-0.0218704842157706,-0.0441040488553343,0.0299350132140349,0.0140890733725627
82,-0.00601302438621912,-0.205335985012668,0.00625653633623588,0.0435093219658209,0.0624913879668073,-0.107876691997357,-0.0362327359939419,-0.0775630224002539,0.0269227364140067,0.0548815470986886,0.0158352197217874,-0.043985610253896,0.0118619838585866,0.00916721110295962,-0.0754533734564195,-0.0100104909175797,-0.00170028821891879,0.0285749779707460,-0.0222663746248521,-0.0593159770327834,0.0314612997500137,-0.0381795534540839,0.0149572185295746,-0.0299565124585324,0.0255558772159284
2,-0.0023015736740589,-0.140772133807564,-0.0740390400256927,0.0702407814042085,-0.0375955729883875,-0.0410810171907180,-0.065121544802361,-0.0210005136169738,0.0201318231649648,0.0422035730246471,0.0442342159031766,-0.0363229647391653,0.0127318137195184,0.0141886625704266,-0.00974350946083422,0.0361717241112934,-0.00220935869857600,0.0197101306323229,-0.0268982874483672,0.0147712493246662,0.0237508460376262,-0.0174160007728537,-0.0117222128752482,0.00274756785820999,0.00667763263802506
45,-0.0260890049481984,0.0366503759456939,0.0841417863479411,0.0745035335195042,-0.0777977550125466,0.0426506485255784,0.0257860364611495,0.00706064054564616,-0.0276392939187720,-0.0379711008479242,0.0160668881929356,0.00208586764545183,-0.0253260833257913,0.0232267421585341,0.0227401127966880,-0.0274501511949963,-0.0105280657444042,0.00681838222484789,-0.00356777611762677,0.00232054892117443,-0.0233823584054536,0.00387269213747776,0.00912873419697417,0.0159399664226228,0.00525339658741581
59,-0.0453100161878774,-0.0143790595420521,0.129551393385105,-0.0886621299763555,0.0470824662328992,-0.0305623669708139,-0.0898493484078581,0.0370704042215113,0.0369365855856527,0.00309123748167869,0.0249735804461073,-0.0525943022992947,0.0109514662275917,-0.079246579481138,0.0130635051223276,0.0182313548838456,0.0532037786537852,-0.109967144350383,-0.0419127066001799,0.0215642554435217,0.00212936284790577,-0.0225754673042137,-0.0051999740348311,0.00750025581259765,0.0271375888688948
29,-0.0309344560066514,-0.169785749513117,-0.0844802343151415,-0.225159309811498,0.0290284142742809,0.0192422392902485,-0.0914846503086357,0.0814674340476123,0.0193919405264051,0.034910306847846,-0.124103919213601,0.0638194455622313,0.0405916589115743,-0.00536672581286114,0.0199204182503514,0.0703189359748886,0.0112364674901981,0.00931764390102828,0.0170717176038649,0.064395413071966,0.00722844123611807,0.0139001278709742,-0.0822698960047775,0.0548917899362493,-0.0316640031359940
20,-0.0963073655169037,-0.207536514751783,0.0619886521311821,0.0812704279915113,-0.0174248354937842,-0.0085782393595893,-0.0166977835686381,-0.0107567002349323,-0.0169744769370055,0.0137613679922576,0.0313505817345190,-0.00719441679795143,-0.00554279580847441,0.0236646101163862,0.0393230213470238,0.0202123617115208,-0.0278693439724629,0.0175177518332966,-0.0178863949110957,0.000729478162316107,0.00411894244992909,0.00155876174694315,0.00365798187673372,-0.00210876357557152,0.00598049837925816
85,-0.0511455579276717,-0.00221919948422552,0.105508166876861,-0.115404046432518,0.0447254260916565,0.0141408667959378,-0.132342702006705,0.0926271975434783,0.0534014303069507,0.0118667904048378,0.0126656232156930,-0.0440061133849939,0.0186386222975973,-0.201325927242326,0.0238858901744349,0.0223589644986364,0.0803435570774309,-0.127626707261690,-0.0611251600432693,0.0290710797395551,0.0065286033782962,-0.041134768497774,-0.00920069347013566,0.0063133265529167,0.0338659561598762
16,0.0872423709916295,-0.142107770954505,0.0332506652024307,0.0775786168808478,-0.00932093746091064,-0.149012009321488,-0.0963264877110838,-0.0613504781709044,0.034067066382562,0.0520556537739792,-0.0239214274880963,-0.0615544059999981,0.00347695202066579,0.0131294017789081,-0.0698774535904684,-0.0114733206216636,0.00909408818808088,0.0187016796943120,-0.0318837862168479,-0.0116659110534760,0.0378095527418331,-0.0317025373665424,-0.0456231678871021,0.0218122717620486,0.0186852741709891
52,-0.095486744084892,0.101137447544096,0.0692842619125316,-0.0981956950857257,0.072912304744452,-0.0463253480532984,0.0342629803023857,-0.078212818733997,-0.0274843604378907,-0.0352210286850133,0.0161688234391541,-0.0250116329339960,-0.0163606324469636,0.0204086979649841,-0.0531350667641555,-0.0108448820147197,-0.0188969022852801,0.0178519502286873,0.0160868469179500,-0.083463226391484,-0.0192845063313905,-0.0146697980955051,0.0138436853525467,-0.0281564319563000,0.00352638999070176
36,-0.00709359710919787,-0.174205047127057,-0.119747862456353,-0.119487886408631,-0.0306497904533476,0.0171046545377940,-0.0411655785790297,0.0678453664392705,0.0645152366875912,0.0612973586257433,0.0319644323765299,-0.0167949939317196,0.0427761378764311,-0.213431164518964,0.0243983701116582,0.0513965966127343,0.0566674311467177,-0.117098249393785,-0.0184954027096006,0.0202019675685637,0.0253268036485955,-0.00535679556337379,0.00146347371591807,-0.00991222551128138,0.00494162790448959
79,-0.0515537605152112,-0.0194043678423595,0.0962720634162941,-0.0903298053703007,0.0417249745778962,-0.0284295592004171,-0.117938161271713,0.0436862562899605,0.035063112546979,0.00138625678434861,0.0210058208519924,-0.0597135065716276,0.00879956349542973,-0.0954043293524152,0.0149372245515872,0.0166259775196868,0.0537226289865181,-0.112361823825111,-0.0522892602294097,0.0227711048464608,0.00089812205132573,-0.0318475519455352,-0.00661937829212573,0.00532367569614424,0.0258595526244032
47,-0.0271182201269436,0.180675435903433,-0.0759734272054567,-0.191610641989781,-0.00758647180248146,-0.052217873040113,-0.060821678963017,0.0285170692745856,0.0282347755712271,-0.00255662777157972,0.00508711659233715,-0.0325304705164852,0.0145710113079951,-0.0619427932622864,0.0114299123312981,0.0149013505562634,0.0255121672014078,-0.0456977529358756,-0.0331587950949826,-0.00735343513284886,0.00345907365975126,-0.0172043538608514,0.0140648611716248,0.00902040195402619,0.0190160111412577
80,-0.0976502581412536,0.0605714958380124,0.0523230054975342,0.071717667330746,-0.0753866938050348,0.0393520374694262,-0.0109443708115246,0.0269934182993751,-0.0303047395416534,-0.0429466698011529,0.0018808356142756,-0.00176582104738231,-0.0265547943580206,0.0218906366452179,0.0262128578597185,-0.0275102923937617,-0.0138999151869093,0.00182534184129794,-0.0187579520328884,0.00982058128523947,-0.0255033034670384,0.00616080126097225,0.00555686205614931,0.00867092683800724,0.000445745373439423
28,-0.17195374957731,0.254537136919951,0.0495882289066203,0.108710891304289,0.0192452200127646,-0.0420050138096716,-0.0646751682641295,-0.0677147038258553,-0.0468378071221677,-0.0522975760169685,0.0402230918035823,-0.0480389587862973,-0.0218066404513581,0.0336861172785397,0.0160925002086682,-0.0196394706189528,-0.0223321193478807,0.00867740205510793,-0.0382732891127099,-0.047222811902155,-0.0303768631850594,-0.0392179858526464,0.0395775781204094,0.0103653531547989,0.0272200442849692
74,0.000513254548054818,-0.230227589883548,0.006352917280206,0.0999230423340962,0.0104928978147344,-0.0248504118982532,-0.00191639275213834,-0.0420574144426962,-0.0483339500963135,-0.0129713493778225,0.0296527654986597,-0.0185649941319237,-0.0152358845535618,0.0317327746394078,0.0188628035132858,0.0106071684855794,-0.0461812944197103,0.0244159452086491,-0.0177872841507033,-0.0122439061542972,-0.0157750401877396,-0.00425170804736194,0.0277837066593343,-0.0018398128287716,0.0089385018769581
38,-0.0591921871927149,-0.0422372627243064,-0.0837028455005928,0.0647708665662145,0.0268767913909626,0.0173450144727979,0.00488594683096878,0.0118237653741785,-0.0333566147459268,-0.0393430689789154,-0.0142199352465817,0.0239263511049007,-0.0333663432096161,0.02107854584295,0.00789036234425092,-0.0414654939517235,-0.0145231486124733,0.0114074921934445,0.00555952949396329,0.0300044940454361,-0.0209103369593916,0.0101458679743760,-0.0112282934958331,0.00113730964437642,-0.0230873002366836
78,-0.156466364532586,0.071049413680152,0.0238902719881379,0.0872446865038204,0.0635155190635655,-0.0005227019261858,-0.0103423765190604,-0.0372110764781728,-0.053256506167056,-0.0514383045690691,0.0100098189278989,-0.0276745819125295,-0.0324318307048663,0.0285798274483091,-0.0219987445160388,-0.0101676319633803,-0.0327426370781565,0.0180992295746824,-0.0199719353440111,-0.0524111701257515,-0.0285877910622234,-0.0112567363170813,0.0294573646998831,-0.0151260311986164,0.00661285947101376
31,0.00656675413219846,-0.232329810392991,0.0029851570956818,0.099973931399288,0.000321383036414814,-0.0443873860590958,-0.0256537425464451,-0.0456233714947917,-0.0483613003446404,-0.0119903821164736,0.0313513310485601,-0.0196189088364890,-0.0160083915236462,0.0328044915789132,0.0168614556705135,0.0107226669157580,-0.0486490138101697,0.0267792737269988,-0.0191147044076199,-0.00653963412077715,-0.0152097243962417,-0.00161322365284359,0.0095068995726751,-0.00935150461527775,-7.61196429368317e-05
51,-0.0712229330126683,0.131960147168631,0.120299667998406,-0.206275296162884,0.0960851244449496,-0.0877376457567164,-0.0503221939610126,-0.106133570073845,-0.0113648921411047,-0.0196075173744972,0.00577306873180008,-0.0830270030633657,0.000464987010028672,0.0104628263169407,-0.0334065919331347,0.0036808387983494,-0.00981590020003873,0.0168164806691050,-0.0261451720201457,-0.116412416629942,-0.00906314761750051,-0.0511514833263912,0.0230008498823305,-0.0375033088696833,0.0318790735624592
71,-0.00943313538595462,0.0271621925388654,-0.306578022306012,-0.233270737466995,-0.0755393807272059,-0.0336545993622512,-0.00203450967053749,-0.0613527649224175,0.0238873706829970,0.0187148006797286,0.0639588059169752,-0.0174862212725082,0.0740753147136375,0.0145637087578574,0.00719113832247126,0.0444528954511052,-0.0148109374774311,0.0386460986078617,0.00874255523230123,-0.0511459369536394,-0.00320914629727123,-0.00788789961479602,0.0233586069903645,-0.00997734842632953,-0.0154063578537483
60,-0.102217695215871,0.000823831274718315,-0.0569666775163227,-0.00720082857205289,0.0312090598504702,-0.0231147999075175,0.00474385614056288,-0.0440143942272039,-0.0334602035584613,-0.0388443935070924,0.0367629700865225,-0.0207289664865746,-0.0276476850446391,0.0186752602729119,-0.0182011997411282,-0.0170990770190578,-0.0168247499080972,0.0103859960361349,0.00212177944357933,-0.0319402240031946,-0.0204574037754569,0.00115540344624492,0.0109267487758815,-0.0231960364479274,-0.0069183170435642
30,-0.0144009206580218,0.00836232854630036,-0.38,-0.0831963099039836,-0.0538598845869453,-0.0435539788012990,0.0425841074205289,-0.0629243744697127,0.0121471976273953,0.00828264486681863,-0.00142768754302262,0.0343283100965665,0.0548397654987136,0.0229201858343162,-0.0253677779161390,0.0328338932546132,-0.0230499480798678,0.0460872622831836,0.05425952058726,-0.0210119351924606,-0.00752378945717821,0.00368740824754787,0.015510195846552,0.00507916065484172,-0.059803341662883
56,-0.0562726120411002,-0.00115741422053403,-0.0353475016225804,0.0505775215891137,-0.203656641120786,0.0754646090221112,0.033392202754872,0.0302487638583657,-0.0486070112869479,-0.0483347007249784,-0.0385625062609986,0.0464803453715271,-0.0579005648918466,0.0245731124006260,0.0966609528254703,-0.0814858888053466,-0.0237837577985378,0.00864332436386886,0.00594494827973033,0.0165867334386083,-0.0238914769876671,0.0291731518758550,0.0191259572397464,-0.00101615998024271,-0.0201291294970076
67,0.231307451759678,-0.277433009137497,-0.297681452691787,-0.38,-0.0531260816031917,0.0436665161179402,0.0222898754391703,0.0713170046130106,0.0419615769128115,-0.00191357858100409,0.078469493036967,0.0212373831877236,-0.0382849782855472,-0.133911957447060,0.0287796140792255,-0.0252312829417097,0.101008729762309,-0.085446958775759,0.0130907700313453,-0.00123479272175090,0.0420454044621615,-0.0150305460371720,0.0179274172787562,-0.00199181057359741,-0.00257196161038878
62,-0.38,-0.0594245199422002,0.123040504012246,0.101154023188259,-0.0269847701762490,0.014671204154157,0.027237100797826,-0.050888798676656,-0.110622017909307,-0.079478883203408,0.0376471116896211,0.00215226384283908,-0.0726904460824718,0.0343020653695777,0.0395265835465591,-0.0153355065566443,-0.0519784242142124,0.0154494312501040,-0.0103639051126213,-0.026309416854447,-0.0377888177075518,-0.0174323561848667,0.0426130623724967,-0.0193808730385046,0.0299390257333027
46,-0.154763670454084,0.0368436623322575,0.0165812318557983,0.0957654663509283,-0.0818174207311858,-0.00879945100897731,-0.0289226678984069,-0.0394009801830033,-0.064924098819027,-0.0620451324504323,0.0072734245358081,-0.032914179431195,-0.0538588605688482,0.03217949158244,-0.000351823801583249,-0.0434251915683868,-0.0404743069429686,0.0190186478046590,-0.0315334503792610,-0.0621167083068446,-0.0322384855519373,-0.0140717585013626,0.0221262493350993,-0.00823245947883938,0.00394987163643597
41,-0.373489097610789,-0.111549274351097,0.0786782424914337,0.116392164128734,0.0111862925247582,-0.0227722487531374,-0.0345771745425422,-0.0501477329000519,-0.113081046827057,-0.0888691444614608,0.000369933374383521,-0.0299653884758807,-0.0821497880860974,0.0378545520005304,0.0237861317536747,-0.039972834019996,-0.055147160076017,0.0138772432244590,-0.0319762025421179,-0.0192765469614272,-0.0423831048794856,-0.0223880563759852,0.032133308286096,0.0142098235415624,0.0231528281224661
63,-0.357495964178744,-0.123252767624632,0.088509161519203,0.112186916160671,-0.00576123840079627,-0.0398592960165995,-0.0570199049484732,-0.0385276906458929,-0.112780688500165,-0.088736302165084,-0.000354916221849198,-0.0308326502966879,-0.0830812520341037,0.0377111314869153,0.0192846040392457,-0.0412387747840582,-0.0592537923587399,0.0168984794643179,-0.0327546460668094,-0.00805090093985169,-0.0421007418484713,-0.0100024014316481,0.00376487389607667,0.00432666664276176,0.00855900068903759
64,-0.128939204909855,-0.330004126224471,-0.379045378115345,0.032176723973876,-0.0953377254730585,0.0270524618855113,-0.0228115857341894,0.0167313803257390,-0.0731200374790232,-0.0616762401169689,0.00497951756946787,0.0112314135197116,-0.0712999341309163,0.0110344774386367,0.0309232620977839,-0.0391265493982948,-0.0298720656767154,-0.0197558169356425,-0.00155823471175197,0.0279590474146214,-0.0263710928022395,0.007234155430451,0.0142135853940359,0.0314300713396909,-0.0310995669782254
69,-0.0525600704708957,-0.0473321319956671,-0.198343697799444,0.100377477687935,-0.218125340005827,0.0782977848307371,-0.0207724131352593,0.00867176127036658,-0.0733168155009418,-0.068528211146671,-0.195621725353381,0.0431720254765096,-0.0832806228296211,0.0402470928681495,0.188546548424477,-0.104943922112515,-0.0436449474624871,0.0139817663481121,-0.0167795989701958,-0.00103206138846869,-0.0342716559946917,-0.00752493405209171,0.0252777949501831,0.0878215093106155,-0.0344292462460559
87,-0.371576568533191,-0.161678517909465,-0.00532173419931986,0.0637118723690816,0.0254880969975128,-0.158919407988656,-0.117010870051043,-0.111951857218326,-0.09703209491246,-0.0687322676569947,-0.0451754077537708,-0.0737319169727452,-0.0773506662701059,0.0304865869739729,-0.0296620863787340,-0.0616892155402214,-0.0428925623203487,0.0146573506868367,-0.0717627257900281,-0.0361972850989646,-0.0282062251032658,-0.0644201029390888,0.0431803660908674,0.0128022065246699,0.0458306662390063
88,-0.357505401801230,-0.167695288105620,0.0533596164675335,0.120740093580619,-0.134707755782687,-0.0252732365061802,-0.053320542547654,-0.0305442812541545,-0.122911796541303,-0.0985464161928385,-0.00076732024757748,-0.0346088268442146,-0.102179819841337,0.0402261090438341,0.0321190326708807,-0.0681174513593392,-0.0642321411675873,0.0155115047262185,-0.0427550999317647,-0.00951355135040797,-0.0457194207615382,-0.0108730150947441,0.0140127827887491,0.0154278848874150,0.00900029573762804
66,-0.137045656725693,-0.293735450813049,-0.362260290238834,0.104784287779177,-0.235417660455923,0.0375958546609962,-0.0542831040434376,-0.0363640154406258,-0.0587327038515793,-0.0379026763203207,-0.188747854156462,0.0388173287947188,-0.08301976725252,0.0390037113421713,0.154116713904170,-0.0971378674979881,-0.0478531410522572,0.0332798113231144,-0.0126373032200357,-0.0182113428661096,-0.0111417291195084,-0.0200641661139892,0.0231169801833887,0.0602246419641676,-0.0488718498863108
68,-0.336772543566743,-0.0848109689413126,-0.160458435800334,0.133942581999509,-0.0407428719893989,-0.151398800608049,-0.0720651548864724,-0.0799991673922303,-0.102358721071086,-0.0775003330881703,-0.0829019736226234,-0.058473466107378,-0.0723108149277592,0.0376904129333440,-0.35829683583537,-0.0327646501683914,-0.057911878220136,0.0255099602653237,-0.0280227418832287,-0.0363027312815044,-0.0363816943063882,-0.0505860018449537,-0.033712720843866,-0.0541875397964075,-0.00153999285190631
70,-0.38,-0.246022442976453,-0.0192545296547374,0.123298408087539,-0.231833034655408,-0.101733295430517,-0.148202330117207,-0.0635462260769596,-0.131929968540165,-0.0912960750157547,-0.114997670885018,-0.0601593298026934,-0.104498627308813,0.0412702649468988,0.119121362974836,-0.0619047962352425,-0.059954522180385,0.00876520328997819,-0.062588680955243,0.0275596430394648,-0.0413764172985028,-0.0301293976695989,-0.0120013436569204,0.066218545461282,0.0195843307644236
72,-0.38,-0.301973463627366,-0.236095672340108,0.0926740861006491,-0.142332610099526,-0.112224237071326,-0.074263739010152,-0.0767662874625132,-0.128181036707045,-0.0950274400812902,-0.0262412201576018,-0.0466782874706466,-0.115682255460531,0.0385926928518602,-0.0104564353009171,-0.108601086796731,-0.064244618593919,0.0209718203666046,-0.0399823304146001,-0.01410987758173,-0.0403595510644449,-0.0275234018399962,0.0101083685007348,0.0194966402181138,0.00244489158439034
