MET159,THR90,TYR108,GLU107,ALA109,PHE40,GLY36,THR37,LEU35,MET106,GLY41,ALA56,LYS167,ARG14,TYR55,PRO110,ASP161,GLU50,LEU89,PHE304,PHE313,VAL43,PHE88,GLN163,VAL105
25,0.043955639,0.046406863,0.036572216,0.074074581,0.070400363,-0.036140111,-0.048068371,-0.040208316,0.008117648,0.064809826,-0.036690247,0.043038818,0.040232858,-0.029640182,0.033473557,0.033653092,0.032895539,0.027967941,0.03062799,0.025525886,-0.011330232,0.005345884,0.029486578,0.028503594,0.026887843
43,-0.013039429,-0.080476588,-0.061205089,0.037268932,-0.018569742,-0.021419852,-0.02025972,-0.033142021,0.143017054,-0.002282631,-0.0171026,0.000285448,0.000403469,-0.011605291,0.001894608,-0.001424767,0.000571359,0.006371696,0.003062082,0.003233415,0.047616164,-0.013608218,0.002477789,0.000323547,0.003916491
2,0.080752949,0.057441721,0.063349225,0.086907254,0.05692291,-0.040757471,-0.068479239,-0.043730982,-0.023689786,0.053250893,-0.044766023,0.048876416,0.043782404,-0.037083387,0.03910263,0.039907671,0.038425454,0.033988606,0.035580951,0.030043183,-0.002634481,0.01755756,0.033355443,0.033499445,0.031232623
5,0.038592,0.021171247,0.042714492,0.047598107,0.039366938,-0.033838412,-0.040607894,-0.039220653,0.035395998,0.036537596,-0.033478855,0.031768892,0.033753586,-0.027363531,0.026555775,0.027709106,0.027393457,0.022920075,0.025292891,0.021912578,0.003550591,0.00152202,0.025015664,0.024147388,0.021294947
10,0.117933934,0.103098418,0.116830042,0.154048408,0.154055492,-0.009787941,0.015953659,0.050845277,0.082797863,0.055093161,0.00302806,0.033268421,0.03109917,-0.008797143,0.022869163,0.026212367,0.024956249,0.016544673,0.020877377,0.013400246,-0.025971449,-0.002908335,0.018520839,0.018832049,0.015478432
41,-0.032276074,0.001459025,0.01757624,0.032724872,0.015921295,-0.026257748,-0.032454967,-0.035634373,0.081239727,0.023768195,-0.026382835,0.012472183,0.012062489,-0.018623467,0.011587851,0.009940597,0.01116457,0.010569614,0.011710778,0.011192566,-0.007513338,0.005719038,0.01087549,0.011443842,0.010568367
42,-0.040837252,-0.028300575,-0.010643412,0.007159551,-0.011910357,-0.018933045,-0.030414659,-0.03225962,0.027818853,0.014009292,-0.017517118,-0.001742626,-0.003649035,-0.009537508,0.000381661,-0.002322833,-0.001254448,0.000462235,1.22E-06,0.002793463,-0.000193735,-0.015454357,-0.000392851,0.001311566,0.001889856
23,0.045736482,0.016957427,-0.009756728,0.071941823,0.025650059,-0.057722652,-0.008133796,-0.036913816,0.056351617,0.017735664,-0.023831362,0.022986255,0.02319756,-0.019298295,0.019019829,0.018469428,0.019053935,0.018656818,0.018563355,0.016876402,0.016938806,0.020190261,0.017476946,0.014762442,0.015869445
16,0.023047115,-0.008903419,0.008196107,-0.011898605,0.018204466,0.155587036,-0.011714604,-0.031309257,-0.007423324,0.007783828,-0.011105443,0.006314414,0.005117567,0.010875413,0.005999022,0.004366126,0.004371647,0.008560815,0.006043254,0.005704373,0.010063661,0.015042135,0.005380701,0.005614704,0.005854187
3,0.008000322,0.018953858,-0.048308118,-0.039520078,-0.03365293,0.051902893,0.009457818,-0.032597908,-0.013796418,0.007435059,-0.012749699,0.004798476,0.004528759,-0.002238391,0.004932427,0.001710511,0.002879558,0.008201754,0.006154865,0.004782179,0.05300221,0.012598112,0.005117902,0.004722661,0.00581077
6,0.025358017,-0.025194463,0.012629309,-0.025986004,-0.032783526,-0.057722652,-0.013620449,-0.035960938,0.002396816,-0.004978327,-0.019374309,0.0171218,0.016028745,-0.017013738,0.014110956,0.014339727,0.013980671,0.014726887,0.012849024,0.014024227,-0.003946646,0.013810911,0.012562765,0.010556013,0.011639013
17,0.027055705,-0.04687041,0.042128691,-0.034417827,0.052267552,0.079068934,0.044126172,-0.030265699,0.00058179,-0.004657653,-0.011336783,0.004731579,0.004249053,0.011029153,0.00530116,0.005479437,0.0046068,0.008169527,0.004962608,0.005874429,-0.017921344,0.004727297,0.004923993,0.005652373,0.004614506
24,0.057149157,0.055173423,0.022001062,0.045246439,0.035885736,-0.057722652,-0.004880648,-0.034022284,0.020013744,0.038480732,-0.017521442,0.0233937,0.020539447,-0.011230692,0.017738155,0.01696912,0.016766445,0.016158942,0.016121702,0.014842134,-0.015800411,-0.002494881,0.014816413,0.012442603,0.014499766
22,0.012853428,-0.031160234,0.052419175,-0.011430174,0.083535298,0.116135905,-0.000154812,-0.022582767,-0.033455632,0.001227944,-0.00990472,0.006065348,0.00511955,0.004908522,0.006353315,0.007386848,0.005840318,0.008588649,0.005024119,0.00665671,-0.012364482,0.002129484,0.005147396,0.006386833,0.004874492
45,-0.049678509,0.03480342,-0.0225888,0.001771007,-0.001761984,-0.018758898,0.007529273,-0.030305384,-0.013039025,0.022976224,-0.012871074,0.003786343,0.002622371,-0.011932402,0.004256874,0.003068793,0.00331803,0.007309006,0.003962218,0.005124823,-0.001687876,0.00112318,0.003428515,0.002257034,0.00469621
30,-0.047281823,-0.01611389,-0.029095813,0.022919308,0.004203867,-0.023367809,-0.007987763,-0.033932034,0.026891477,0.021405532,-0.019930621,0.010970079,0.0067062,-0.013119107,0.009152641,0.006730509,0.006706033,0.011296624,0.007858364,0.00770655,0.026101251,0.023598835,0.00675789,0.005322359,0.008937646
44,-0.030552525,0.007313478,0.036381695,-0.004302483,0.023361818,-0.023406685,-0.035054967,-0.034390301,-0.003512768,0.022961823,-0.020038382,0.006906212,0.005630921,-0.014817622,0.00757067,0.007001052,0.006391876,0.010639185,0.006768716,0.007774219,-0.020706067,-0.018913806,0.006158909,0.005078015,0.007197979
29,-0.063398209,-0.002752692,-0.011979464,0.004209516,-0.001974164,-0.020170024,0.006071912,-0.031465477,0.009763327,0.012164321,-0.015430568,0.00510744,0.002191846,-0.009694015,0.004901231,0.002688812,0.002779472,0.007712666,0.004134484,0.00477792,-0.001865354,0.019168806,0.003204796,0.001877006,0.005549368
26,0.015817602,0.011140827,0.023196454,0.049233002,0.046043421,-0.005883134,-0.000193201,-0.005359134,-0.036601064,-0.007934039,0.004172311,0.006159049,0.005964711,-0.000507638,0.003229391,0.00516536,0.003763976,-0.001043719,0.002372519,0.003127622,0.000767075,-0.00365059,0.002658842,0.003262012,0.001585299
18,0.052033718,-0.039641302,-0.033234429,-0.014415381,-0.02406553,0.005230084,0.02100633,-0.024407325,0.01240829,-0.007460464,0.010404476,-0.01112836,-0.015416061,0.03580683,-0.009759149,-0.01298451,-0.013336048,-0.006121188,-0.010580194,-0.007406807,0.003359159,0.012595529,-0.0109367,-0.012355207,-0.006280504
4,0.049087841,-0.023049554,-0.030638308,-0.013029582,-0.010082744,0.004037991,-0.01347318,0.022398232,-0.010012157,-0.015530138,0.015676715,-0.012377521,-0.012268161,0.00197768,-0.009194106,-0.010207233,-0.010295544,-0.004619033,-0.008424312,-0.004988532,0.000943493,0.002000778,-0.008116399,-0.009538073,-0.006507796
31,-0.086833398,-0.020285059,-0.028702151,0.00668517,-0.03069855,0.000330498,0.049182729,-0.006563141,0.02247692,-0.016411493,0.012767306,-0.01780276,-0.01639511,0.005205034,-0.014139933,-0.015312915,-0.013658745,-0.009184249,-0.011888169,-0.018230183,-0.005548497,-0.014938631,-0.012015484,-0.012508187,-0.010934455
11,-0.033500061,-0.023576912,-0.004632876,-0.020689165,-0.0386655,-0.020711592,-0.032255213,-0.032975653,0.020171191,0.014313183,-0.019703861,0.002090557,0.00080903,-0.011290649,0.003175786,0.000753682,0.00200353,0.002966951,0.003113374,0.004959822,-0.010511386,-0.004288418,0.002575633,0.003923712,0.004077257
8,0.035030246,0.054594012,0.008652026,0.024809886,0.003600643,-0.009005534,0.001872047,0.066535239,-0.052887946,-0.011058791,0.002235469,0.004905157,0.001649796,0.021971718,0.001552484,-0.000466159,-0.000735104,-0.002946717,0.001196405,0.00055003,0.00403468,0.017221624,8.56E-06,-0.002543341,0.001602009
12,-0.022952246,0.005785514,0.002552255,-0.003126871,0.021417922,-0.023388417,-0.031715019,-0.034117305,0.017308516,0.018430534,-0.019750136,0.008204074,0.007132191,-0.014065204,0.00813002,0.006532863,0.006744978,0.010877387,0.007945369,0.007636352,-0.015928974,-0.010536443,0.006873763,0.005272043,0.008124789
27,-0.033245644,0.004077627,0.011209303,0.032907586,0.001228098,-0.001252444,0.044361315,0.003273932,-0.003543617,-0.001676001,0.010933582,-0.008714792,-0.007045262,0.015812626,-0.007751708,-0.005744406,-0.006999305,-0.010238818,-0.007761778,-0.007425764,-0.015912789,-0.009997794,-0.00672841,-0.005439489,-0.00706603
28,-0.025311268,-0.052293808,0.039436939,0.000702571,0.030853809,-0.023354726,-0.033147126,-0.034321961,8.90E-05,0.010601946,-0.019933011,0.007944762,0.005672087,-0.014676649,0.00796994,0.007144968,0.006484247,0.010762795,0.006814248,0.007814365,-0.018227852,-0.019673153,0.00618348,0.005148754,0.007495276
33,-0.080081813,-0.020741304,-0.03647759,-0.000992543,-0.033860426,0.006325152,0.049174991,-0.006219954,0.017328652,-0.017722729,0.02114764,-0.022108527,-0.02034911,0.007923776,-0.017846902,-0.018603185,-0.016970777,-0.012717573,-0.015307229,-0.021046442,-0.007348988,-0.010869519,-0.015179856,-0.015480939,-0.014204436
7,0.019668997,0.028088473,-0.017663604,-0.039644216,-0.00854882,-0.001258573,0.016750958,0.010397635,-0.043341108,-0.02094244,0.011094693,-0.001195367,0.000905549,-0.000472177,-0.002128461,0.00081789,-0.000479031,-0.005440939,-0.001906087,0.000158134,0.003924766,0.008255209,-0.001171397,-0.000313779,-0.002631206
32,-0.089786628,-0.024980569,-0.032111973,0.002287201,-0.035153325,0.006349559,0.052177389,-0.005838789,0.022930821,-0.02157061,0.021208345,-0.02225586,-0.020070933,0.007919234,-0.017895296,-0.018530013,-0.01683832,-0.012748111,-0.015206978,-0.021014095,-0.005120661,-0.013626981,-0.015068965,-0.015408931,-0.014307687
36,-0.033046749,-0.032496583,-0.026320013,0.020429005,-0.016504525,0.013206044,0.022202767,0.007319037,0.004150527,-0.034451288,0.032924268,-0.030001745,-0.023316138,0.00804088,-0.023138686,-0.020352215,-0.01966177,-0.02107033,-0.018706372,-0.019135995,0.010093624,-0.023741802,-0.01748214,-0.017953033,-0.019706053
40,-0.017203457,-0.024736864,-0.012620059,0.00838742,-0.002418936,0.005175053,0.052799804,7.81E-05,-0.00066719,-0.016236728,0.020818685,-0.022622355,-0.021346952,0.007475215,-0.018047593,-0.018226061,-0.017129906,-0.0129108,-0.016109066,-0.020986724,-0.02147199,-0.039751605,-0.01577646,-0.015610269,-0.014769768
21,0.04177877,-0.058773365,-0.025801825,-0.013671479,-0.016399053,0.095035623,0.05457343,0.076036612,0.019866963,-0.02739344,0.043674626,-0.028271546,-0.02995361,0.063968041,-0.023829954,-0.025602613,-0.02582825,-0.019209006,-0.023035255,-0.017450343,-0.008428287,0.009649725,-0.022500171,-0.023666747,-0.018323923
9,-0.034513573,0.021232457,0.004724993,0.033787391,0.014819871,0.004529347,0.043098855,-0.006041144,-0.018293932,-0.012057632,0.020371132,-0.014438672,-0.010393218,0.017224995,-0.011923473,-0.008540781,-0.009849876,-0.014284115,-0.011290967,-0.009833898,-0.013042587,-0.009312637,-0.009742018,-0.008131184,-0.011032333
35,-0.032097545,-0.033202394,-0.042212593,-0.016297525,-0.031563725,0.003247572,0.029190162,0.021241933,-0.009477689,-0.021121501,0.018852437,-0.026966304,-0.022010091,0.00655562,-0.020331838,-0.019610834,-0.018543295,-0.017476484,-0.016212833,-0.01765135,-0.012956755,-0.015140016,-0.015523862,-0.016408097,-0.016172821
34,-0.092827173,-0.026785403,-0.045181976,0.014645936,-0.039765848,0.006709055,0.053982618,-0.003326986,0.035721051,-0.022822231,0.021636664,-0.022010928,-0.019850554,0.00766001,-0.017767388,-0.018044633,-0.016511837,-0.012716797,-0.015250815,-0.020745935,0.015121215,-0.015640374,-0.01500661,-0.015202865,-0.014381281
20,0.042948717,-0.071623091,-0.04986919,-0.042719342,-0.047104308,0.065911831,0.016688609,0.031647614,0.018161353,-0.020045742,0.034268222,-0.022698019,-0.023754488,0.071613005,-0.018858714,-0.020906438,-0.020722822,-0.014042528,-0.01756422,-0.01325186,-0.0063049,0.007149896,-0.017262796,-0.018900032,-0.013921489
19,0.043767726,-0.017422903,-0.033789225,-0.001470128,-0.006646344,0.031640438,-0.012680092,0.005334241,0.002035107,-0.007897581,0.023146567,-0.012498246,-0.014833051,0.008845833,-0.010711077,-0.013239244,-0.013058991,-0.007028468,-0.010263644,-0.007491745,0.017015949,0.02256748,-0.010394374,-0.012128152,-0.00745289
13,-0.069392036,-0.06991419,-0.043115634,-0.037332037,-0.066867491,0.001898075,0.02863522,0.029080747,-0.012667543,-0.021007716,0.01687292,-0.027037265,-0.023404139,0.006406607,-0.02075601,-0.021053522,-0.019789237,-0.017600723,-0.016787016,-0.018264227,-0.00201864,-0.022934402,-0.016161338,-0.017206076,-0.016109707
38,-0.05678508,-0.004788881,-0.041375886,0.033048618,-0.005352362,0.000353279,0.03729657,0.002901303,0.016875458,-0.009126197,0.014609268,-0.020328835,-0.016442891,0.003300164,-0.015536721,-0.015617471,-0.014209084,-0.013574495,-0.011666408,-0.01452447,-0.013365485,-0.013256746,-0.011389515,-0.012687382,-0.0122952
39,-0.059238629,-0.014527221,-0.041224237,0.033677403,-0.004210938,0.000371963,0.038719411,0.002932769,0.019676545,-0.010188035,0.014619081,-0.020151009,-0.01623978,0.003377805,-0.015470596,-0.015537406,-0.01409481,-0.013551763,-0.011586158,-0.014494251,-0.011630486,-0.013447386,-0.011310843,-0.012624894,-0.01226948
15,-0.054574827,-0.042089088,-0.026841576,-0.047043874,-0.020507628,0.006076749,0.035309342,0.035874149,-0.009476844,-0.020760927,0.022924242,-0.023567137,-0.021245015,0.006277359,-0.018700301,-0.018720256,-0.017424132,-0.013175551,-0.016059226,-0.021146308,-0.011583617,-0.006737954,-0.015719864,-0.01582673,-0.015130653
14,-0.028135905,-0.068724301,-0.03934052,-0.057864371,-0.025062209,0.011518759,0.037984517,0.025956721,0.004587506,-0.02876928,0.028745111,-0.029473155,-0.025187017,0.008095196,-0.022964757,-0.021890292,-0.020491953,-0.020805118,-0.019844475,-0.023471226,-0.009386809,-0.012261857,-0.018699998,-0.018494653,-0.019148896
37,-0.026493964,-0.043647355,-0.024581803,-0.00887318,-0.017969274,0.013029481,0.034623792,-0.003138444,0.00498344,-0.028103292,0.029249695,-0.028166108,-0.024554161,0.008549695,-0.022011222,-0.021159213,-0.019903943,-0.02036308,-0.019397789,-0.023151747,-0.011126784,-0.018084302,-0.018296306,-0.018049488,-0.01849757
1,-0.131355659,-0.057817194,-0.040911705,-0.062914849,-0.054012929,0.116506778,0.011088578,-0.016443416,0.021507844,-0.049955175,0.028874541,-0.042944677,-0.047191681,0.056370664,-0.034762131,-0.037105573,-0.03731902,-0.031354136,-0.038698174,-0.019762561,0.029568849,-0.003986169,-0.034419555,-0.028899474,-0.028699251
